{"average_loss": 0.0014390114386934934, "epoch": 10, "_timestamp": 1715285044.1038625, "_runtime": 31835.029202461243, "_step": 9, "_wandb": {"runtime": 31834}}