{"loss": 0.0, "_timestamp": 1715250228.2706585, "_runtime": 9236.473557472229, "_step": 2233, "_wandb": {"runtime": 9237}}